user_d,nickname,password,name,surname
1,mprott0,oF0<?C,Maryrose,Prott
2,rcollingworth1,qU5+_a,Roth,Collingworth
3,klafflin2,mZ6#k}U_IO0,Kinny,Lafflin
4,ccliff3,yW0~JLz9S5,Chancey,Cliff
5,unarracott4,gL4'nIh),Urbanus,Narracott
6,jdawkes5,wG4{Yf,Joellen,Dawkes
7,lderycot6,kY9?UlB{CC,Lauree,Derycot
8,pgatus7,pQ8)4C$LNE4,Pauli,Gatus
9,kallin8,wW1*8|5O,Korrie,Allin
10,amiettinen9,"pC8""<gj/Pn",Arabela,Miettinen
11,esedgemonda,sK6}A},Erastus,Sedgemond
12,ghardcastleb,nQ3<rFHTAXw,Garvy,Hardcastle
13,abrandelc,"oT9`7F""r!?n",Aldon,Brandel
14,ashelveyd,fX2|*9,Andria,Shelvey
15,soakebye,hB5(dZ,Skipp,Oakeby
16,tlickessf,"kB3+g""9'",Tawsha,Lickess
17,gfittg,pA9&xw*l%,Gregory,Fitt
18,sfrantsevh,jT5)Ih&wRL,Sissy,Frantsev
19,kliebmanni,"oX9(j>",Kile,Liebmann
20,mbreslauerj,eX1)f!n@lm,Mercie,Breslauer
21,ssummersettk,tH3}`&)g@ws,Sampson,Summersett
22,vbruneaul,"sU2{""sN3",Vikki,Bruneau
23,boverstallm,vV4+Ir,Baxy,Overstall
24,rsallarien,rN9/XyGW0z,Rogers,Sallarie
25,bslatfordo,kN0|$mt1wZ,Bernhard,Slatford
26,econninghamp,zZ6$D?DL&,Early,Conningham
27,hbickq,tP1!a}okB,Hamlen,Bick
28,tslowgrover,"tC9$l!CuT",Traci,Slowgrove
29,afernehoughs,iX1+i8F>h8aL,Adrian,Fernehough
30,gmellodeyt,nQ0|8)g7B,Gabriele,Mellodey
31,swaggettu,"lI1keS",Sig,Waggett
32,hduckhamv,wL6<F_?,Heindrick,Duckham
33,afleemingw,cZ7}RbvkKDSr,Alina,Fleeming
34,bmulhallx,eN9_pMSEiWY,Broddy,Mulhall
35,padamoliy,wY2&riwlWUfJ,Patric,Adamoli
36,cboothroydz,xB9@Rx.G7|,Chlo,Boothroyd
37,lstrong10,vW4_rBOUndsZ,Laure,Strong
38,dsutor11,hF0=jAJ0M{J8,Deck,Sutor
39,chambribe12,tH5<g=R1+w2>,Creight,Hambribe
40,nnorthridge13,wF6>P+B,Norbert,Northridge
41,cgabler14,hD9>*8.Ly&*,Cherin,Gabler
42,lwilcher15,"nI6'Rlk+>wE",Leodora,Wilcher
43,hmcasparan16,"jW5""L*fhp#n",Hilda,Mcasparan
44,gkoppe17,"wU6""4H""""Y{",Gene,Koppe
45,vmeadowcraft18,vN2\Tf?)3PXX,Vernen,Meadowcraft
46,cfirby19,cZ6?CmsvT,Concettina,Firby
47,jdowthwaite1a,"mO6w?<nk",Jehu,Dowthwaite
48,amonk1b,mZ6(blP!v83r,Adolphe,Monk
49,lhartlebury1c,cD8}&#bbNJ,Laird,Hartlebury
50,bvongladbach1d,nV6#lDNr,Belva,Von Gladbach
